-- MySQL dump 10.14  Distrib 5.5.50-MariaDB, for debian-linux-gnu (x86_64)
--
-- Host: localhost    Database: SubRaceTracker
-- ------------------------------------------------------
-- Server version	5.5.50-MariaDB-1~trusty

/*!40101 SET @OLD_CHARACTER_SET_CLIENT=@@CHARACTER_SET_CLIENT */;
/*!40101 SET @OLD_CHARACTER_SET_RESULTS=@@CHARACTER_SET_RESULTS */;
/*!40101 SET @OLD_COLLATION_CONNECTION=@@COLLATION_CONNECTION */;
/*!40101 SET NAMES utf8 */;
/*!40103 SET @OLD_TIME_ZONE=@@TIME_ZONE */;
/*!40103 SET TIME_ZONE='+00:00' */;
/*!40014 SET @OLD_UNIQUE_CHECKS=@@UNIQUE_CHECKS, UNIQUE_CHECKS=0 */;
/*!40014 SET @OLD_FOREIGN_KEY_CHECKS=@@FOREIGN_KEY_CHECKS, FOREIGN_KEY_CHECKS=0 */;
/*!40101 SET @OLD_SQL_MODE=@@SQL_MODE, SQL_MODE='NO_AUTO_VALUE_ON_ZERO' */;
/*!40111 SET @OLD_SQL_NOTES=@@SQL_NOTES, SQL_NOTES=0 */;

--
-- Table structure for table `ListItems`
--

DROP TABLE IF EXISTS `ListItems`;
/*!40101 SET @saved_cs_client     = @@character_set_client */;
/*!40101 SET character_set_client = utf8 */;
CREATE TABLE `ListItems` (
  `uid` int(11) NOT NULL AUTO_INCREMENT,
  `ListID` int(11) DEFAULT NULL,
  `ListItem` varchar(30) DEFAULT NULL,
  `IntValue` int(11) DEFAULT NULL,
  `CharVal` varchar(20) DEFAULT NULL,
  `Status` int(11) DEFAULT NULL,
  PRIMARY KEY (`uid`)
) ENGINE=InnoDB AUTO_INCREMENT=27 DEFAULT CHARSET=latin1;
/*!40101 SET character_set_client = @saved_cs_client */;

--
-- Dumping data for table `ListItems`
--

LOCK TABLES `ListItems` WRITE;
/*!40000 ALTER TABLE `ListItems` DISABLE KEYS */;
INSERT INTO `ListItems` VALUES (1,7,'Enabled',1,NULL,1),(2,7,'Disabled',0,NULL,1),(3,2,'In The Water',1,NULL,1),(4,2,'Out of The Water',0,NULL,1),(5,1,'In The Water',1,NULL,1),(6,1,'Out of The Water',0,NULL,1),(7,4,'In The Water',1,NULL,1),(8,4,'Out of The Water',0,NULL,1),(9,3,'In The Water',1,NULL,1),(10,3,'Completed Successfully',2,NULL,1),(11,3,'Run Failed',3,NULL,1),(12,5,'1 Person Propeller',1,NULL,1),(13,5,'2 Person Propeller',2,NULL,1),(14,5,'1 Person Non-Propeller',3,NULL,1),(15,5,'2 Person Propeller-Female',4,NULL,1),(16,5,'1 Person Propeller-Female',5,NULL,1),(17,5,'1 Person Non-Propeller-Female',6,NULL,1),(19,6,'1 Person Propeller',1,NULL,1),(20,6,'2 Person Propeller',2,NULL,1),(21,6,'1 Person Non-Propeller',3,NULL,1),(22,6,'2 Person Propeller-Female',4,NULL,1),(23,6,'1 Person Propeller-Female',5,NULL,1),(24,6,'1 Person Non-Propeller-Female',6,NULL,1),(25,8,'Lane 1',1,NULL,1),(26,8,'Lane 2',2,NULL,1);
/*!40000 ALTER TABLE `ListItems` ENABLE KEYS */;
UNLOCK TABLES;

--
-- Table structure for table `Lists`
--

DROP TABLE IF EXISTS `Lists`;
/*!40101 SET @saved_cs_client     = @@character_set_client */;
/*!40101 SET character_set_client = utf8 */;
CREATE TABLE `Lists` (
  `uid` int(11) NOT NULL AUTO_INCREMENT,
  `ListName` varchar(25) DEFAULT NULL,
  `SortBy` int(11) DEFAULT NULL,
  `Sortorder` int(11) DEFAULT NULL,
  PRIMARY KEY (`uid`)
) ENGINE=InnoDB AUTO_INCREMENT=9 DEFAULT CHARSET=latin1;
/*!40101 SET character_set_client = @saved_cs_client */;

--
-- Dumping data for table `Lists`
--

LOCK TABLES `Lists` WRITE;
/*!40000 ALTER TABLE `Lists` DISABLE KEYS */;
INSERT INTO `Lists` VALUES (1,'Team Status',1,1),(2,'Participant Status',1,1),(3,'Race Status',1,1),(4,'History Action',1,1),(5,'Race Class',1,1),(6,'Team Class',1,1),(7,'List Items Status',1,1),(8,'Lanes',1,1);
/*!40000 ALTER TABLE `Lists` ENABLE KEYS */;
UNLOCK TABLES;

--
-- Table structure for table `ParticipantHistory`
--

DROP TABLE IF EXISTS `ParticipantHistory`;
/*!40101 SET @saved_cs_client     = @@character_set_client */;
/*!40101 SET character_set_client = utf8 */;
CREATE TABLE `ParticipantHistory` (
  `uid` int(11) NOT NULL AUTO_INCREMENT,
  `TeamID` int(11) DEFAULT NULL,
  `ParticipantID` int(11) DEFAULT NULL,
  `Action` int(11) DEFAULT NULL,
  `TrackedTime` time DEFAULT NULL,
  `Timestamp` datetime DEFAULT NULL,
  `RaceID` int(11) DEFAULT NULL,
  PRIMARY KEY (`uid`)
) ENGINE=InnoDB AUTO_INCREMENT=3 DEFAULT CHARSET=latin1;
/*!40101 SET character_set_client = @saved_cs_client */;

--
-- Dumping data for table `ParticipantHistory`
--

LOCK TABLES `ParticipantHistory` WRITE;
/*!40000 ALTER TABLE `ParticipantHistory` DISABLE KEYS */;
INSERT INTO `ParticipantHistory` VALUES (1,1,1,1,NULL,'2017-05-28 13:54:12',NULL),(2,1,1,0,NULL,'2017-05-28 13:54:12',NULL);
/*!40000 ALTER TABLE `ParticipantHistory` ENABLE KEYS */;
UNLOCK TABLES;

--
-- Table structure for table `Participants`
--

DROP TABLE IF EXISTS `Participants`;
/*!40101 SET @saved_cs_client     = @@character_set_client */;
/*!40101 SET character_set_client = utf8 */;
CREATE TABLE `Participants` (
  `uid` int(11) NOT NULL AUTO_INCREMENT,
  `TeamID` int(11) DEFAULT NULL,
  `DiverName` varchar(50) DEFAULT NULL,
  `Status` int(11) DEFAULT NULL,
  `DiverID` int(11) DEFAULT NULL,
  PRIMARY KEY (`uid`)
) ENGINE=InnoDB AUTO_INCREMENT=12 DEFAULT CHARSET=latin1;
/*!40101 SET character_set_client = @saved_cs_client */;

--
-- Dumping data for table `Participants`
--

LOCK TABLES `Participants` WRITE;
/*!40000 ALTER TABLE `Participants` DISABLE KEYS */;
INSERT INTO `Participants` VALUES (1,1,'Paul',1,NULL),(2,1,'John',1,NULL),(3,1,'Ringo',1,NULL),(4,1,'George',1,NULL),(5,1,'Pete',1,NULL),(6,2,'Bob',1,NULL),(7,2,'Patrick',1,NULL),(8,2,'Karen',1,NULL),(9,2,'Sandy',1,NULL),(10,2,'Gary',1,NULL),(11,2,'Larry',1,NULL);
/*!40000 ALTER TABLE `Participants` ENABLE KEYS */;
UNLOCK TABLES;

--
-- Table structure for table `Races`
--

DROP TABLE IF EXISTS `Races`;
/*!40101 SET @saved_cs_client     = @@character_set_client */;
/*!40101 SET character_set_client = utf8 */;
CREATE TABLE `Races` (
  `uid` int(11) NOT NULL AUTO_INCREMENT,
  `RaceID` varchar(25) DEFAULT NULL,
  `TeamID` int(11) DEFAULT NULL,
  `StartTime` time DEFAULT NULL,
  `FinishTime` time DEFAULT NULL,
  `Time1` time DEFAULT NULL,
  `Time2` time DEFAULT NULL,
  `Time3` time DEFAULT NULL,
  `Time4` time DEFAULT NULL,
  `Status` int(11) DEFAULT NULL,
  `Class` int(11) DEFAULT NULL,
  `Notes` text,
  `RaceDate` date DEFAULT NULL,
  PRIMARY KEY (`uid`)
) ENGINE=InnoDB AUTO_INCREMENT=375 DEFAULT CHARSET=latin1;
/*!40101 SET character_set_client = @saved_cs_client */;

--
-- Dumping data for table `Races`
--

LOCK TABLES `Races` WRITE;
/*!40000 ALTER TABLE `Races` DISABLE KEYS */;
INSERT INTO `Races` VALUES (1,'',2,'00:00:00','00:00:00','00:00:00','00:00:00','00:00:00','00:00:00',0,0,'','0000-00-00'),(2,'',2,'00:00:00','00:00:00','00:00:00','00:00:00','00:00:00','00:00:00',0,0,'','0000-00-00'),(3,'',2,'00:00:00','00:00:00','00:00:00','00:00:00','00:00:00','00:00:00',0,0,'','0000-00-00'),(4,'',2,'00:00:00','00:00:00','00:00:00','00:00:00','00:00:00','00:00:00',0,0,'','0000-00-00'),(5,'',2,'00:00:00','00:00:00','00:00:00','00:00:00','00:00:00','00:00:00',0,0,'','0000-00-00'),(6,'',2,'00:00:00','00:00:00','00:00:00','00:00:00','00:00:00','00:00:00',0,0,'','0000-00-00'),(7,'',2,'00:00:00','00:00:00','00:00:00','00:00:00','00:00:00','00:00:00',0,0,'','0000-00-00'),(8,'',2,'00:00:00','00:00:00','00:00:00','00:00:00','00:00:00','00:00:00',0,0,'','0000-00-00'),(9,'',2,'00:00:00','00:00:00','00:00:00','00:00:00','00:00:00','00:00:00',0,0,'','0000-00-00'),(10,'',2,'00:00:00','00:00:00','00:00:00','00:00:00','00:00:00','00:00:00',0,0,'','0000-00-00'),(11,'',2,'00:00:00','00:00:00','00:00:00','00:00:00','00:00:00','00:00:00',0,0,'','0000-00-00'),(12,'',2,'00:00:00','00:00:00','00:00:00','00:00:00','00:00:00','00:00:00',0,0,'','0000-00-00'),(13,'',2,'00:00:00','00:00:00','00:00:00','00:00:00','00:00:00','00:00:00',0,0,'','0000-00-00'),(14,'',2,'00:00:00','00:00:00','00:00:00','00:00:00','00:00:00','00:00:00',0,0,'','0000-00-00'),(15,'',2,'00:00:00','00:00:00','00:00:00','00:00:00','00:00:00','00:00:00',0,0,'','0000-00-00'),(16,'',2,'00:00:00','00:00:00','00:00:00','00:00:00','00:00:00','00:00:00',0,0,'','0000-00-00'),(17,'',2,'00:00:00','00:00:00','00:00:00','00:00:00','00:00:00','00:00:00',0,0,'','0000-00-00'),(18,'',2,'00:00:00','00:00:00','00:00:00','00:00:00','00:00:00','00:00:00',0,0,'','0000-00-00'),(19,'',2,'00:00:00','00:00:00','00:00:00','00:00:00','00:00:00','00:00:00',0,0,'','0000-00-00'),(20,'',2,'00:00:00','00:00:00','00:00:00','00:00:00','00:00:00','00:00:00',0,0,'','0000-00-00'),(21,'',2,'00:00:00','00:00:00','00:00:00','00:00:00','00:00:00','00:00:00',0,0,'','0000-00-00'),(22,'',2,'00:00:00','00:00:00','00:00:00','00:00:00','00:00:00','00:00:00',0,0,'','0000-00-00'),(23,'',2,'00:00:00','00:00:00','00:00:00','00:00:00','00:00:00','00:00:00',0,0,'','0000-00-00'),(24,'',2,'00:00:00','00:00:00','00:00:00','00:00:00','00:00:00','00:00:00',0,0,'','0000-00-00'),(25,'',2,'00:00:00','00:00:00','00:00:00','00:00:00','00:00:00','00:00:00',0,0,'','0000-00-00'),(26,'',2,'00:00:00','00:00:00','00:00:00','00:00:00','00:00:00','00:00:00',0,0,'','0000-00-00'),(27,'',2,'00:00:00','00:00:00','00:00:00','00:00:00','00:00:00','00:00:00',0,0,'','0000-00-00'),(28,'',2,'00:00:00','00:00:00','00:00:00','00:00:00','00:00:00','00:00:00',0,0,'','0000-00-00'),(29,'',2,'00:00:00','00:00:00','00:00:00','00:00:00','00:00:00','00:00:00',0,0,'','0000-00-00'),(30,'',2,'00:00:00','00:00:00','00:00:00','00:00:00','00:00:00','00:00:00',0,0,'','0000-00-00'),(31,'',2,'00:00:00','00:00:00','00:00:00','00:00:00','00:00:00','00:00:00',0,0,'','0000-00-00'),(32,'',2,'00:00:00','00:00:00','00:00:00','00:00:00','00:00:00','00:00:00',0,0,'','0000-00-00'),(33,'',2,'00:00:00','00:00:00','00:00:00','00:00:00','00:00:00','00:00:00',0,0,'','0000-00-00'),(34,'',2,'00:00:00','00:00:00','00:00:00','00:00:00','00:00:00','00:00:00',0,0,'','0000-00-00'),(35,'',2,'00:00:00','00:00:00','00:00:00','00:00:00','00:00:00','00:00:00',0,0,'','0000-00-00'),(36,'',2,'00:00:00','00:00:00','00:00:00','00:00:00','00:00:00','00:00:00',0,0,'','0000-00-00'),(37,'',2,'00:00:00','00:00:00','00:00:00','00:00:00','00:00:00','00:00:00',0,0,'','0000-00-00'),(38,'',2,'00:00:00','00:00:00','00:00:00','00:00:00','00:00:00','00:00:00',0,0,'','0000-00-00'),(39,'',2,'00:00:00','00:00:00','00:00:00','00:00:00','00:00:00','00:00:00',0,0,'','0000-00-00'),(40,'',2,'00:00:00','00:00:00','00:00:00','00:00:00','00:00:00','00:00:00',0,0,'','0000-00-00'),(41,'',2,'00:00:00','00:00:00','00:00:00','00:00:00','00:00:00','00:00:00',0,0,'','0000-00-00'),(42,'',2,'00:00:00','00:00:00','00:00:00','00:00:00','00:00:00','00:00:00',0,0,'','0000-00-00'),(43,'',2,'00:00:00','00:00:00','00:00:00','00:00:00','00:00:00','00:00:00',0,0,'','0000-00-00'),(44,'',2,'00:00:00','00:00:00','00:00:00','00:00:00','00:00:00','00:00:00',0,0,'','0000-00-00'),(45,'',2,'00:00:00','00:00:00','00:00:00','00:00:00','00:00:00','00:00:00',0,0,'','0000-00-00'),(46,'',2,'00:00:00','00:00:00','00:00:00','00:00:00','00:00:00','00:00:00',0,0,'','0000-00-00'),(47,'',2,'00:00:00','00:00:00','00:00:00','00:00:00','00:00:00','00:00:00',0,0,'','0000-00-00'),(48,'',2,'00:00:00','00:00:00','00:00:00','00:00:00','00:00:00','00:00:00',0,0,'','0000-00-00'),(49,'',2,'00:00:00','00:00:00','00:00:00','00:00:00','00:00:00','00:00:00',0,0,'','0000-00-00'),(50,'',2,'00:00:00','00:00:00','00:00:00','00:00:00','00:00:00','00:00:00',0,0,'','0000-00-00'),(51,'',2,'00:00:00','00:00:00','00:00:00','00:00:00','00:00:00','00:00:00',0,0,'','0000-00-00'),(52,'',2,'00:00:00','00:00:00','00:00:00','00:00:00','00:00:00','00:00:00',0,0,'','0000-00-00'),(53,'',2,'00:00:00','00:00:00','00:00:00','00:00:00','00:00:00','00:00:00',0,0,'','0000-00-00'),(54,'',2,'00:00:00','00:00:00','00:00:00','00:00:00','00:00:00','00:00:00',0,0,'','0000-00-00'),(55,'',2,'00:00:00','00:00:00','00:00:00','00:00:00','00:00:00','00:00:00',0,0,'','0000-00-00'),(56,'',2,'00:00:00','00:00:00','00:00:00','00:00:00','00:00:00','00:00:00',0,0,'','0000-00-00'),(57,'',2,'00:00:00','00:00:00','00:00:00','00:00:00','00:00:00','00:00:00',0,0,'','0000-00-00'),(58,'',2,'00:00:00','00:00:00','00:00:00','00:00:00','00:00:00','00:00:00',0,0,'','0000-00-00'),(59,'',2,'00:00:00','00:00:00','00:00:00','00:00:00','00:00:00','00:00:00',0,0,'','0000-00-00'),(60,'',2,'00:00:00','00:00:00','00:00:00','00:00:00','00:00:00','00:00:00',0,0,'','0000-00-00'),(61,'',2,'00:00:00','00:00:00','00:00:00','00:00:00','00:00:00','00:00:00',0,0,'','0000-00-00'),(62,'',2,'00:00:00','00:00:00','00:00:00','00:00:00','00:00:00','00:00:00',0,0,'','0000-00-00'),(63,'',2,'00:00:00','00:00:00','00:00:00','00:00:00','00:00:00','00:00:00',0,0,'','0000-00-00'),(64,'',2,'00:00:00','00:00:00','00:00:00','00:00:00','00:00:00','00:00:00',0,0,'','0000-00-00'),(65,'',2,'00:00:00','00:00:00','00:00:00','00:00:00','00:00:00','00:00:00',0,0,'','0000-00-00'),(66,'',2,'00:00:00','00:00:00','00:00:00','00:00:00','00:00:00','00:00:00',0,0,'','0000-00-00'),(67,'',2,'00:00:00','00:00:00','00:00:00','00:00:00','00:00:00','00:00:00',0,0,'','0000-00-00'),(68,'',2,'00:00:00','00:00:00','00:00:00','00:00:00','00:00:00','00:00:00',0,0,'','0000-00-00'),(69,'',2,'00:00:00','00:00:00','00:00:00','00:00:00','00:00:00','00:00:00',0,0,'','0000-00-00'),(70,'',2,'00:00:00','00:00:00','00:00:00','00:00:00','00:00:00','00:00:00',0,0,'','0000-00-00'),(71,'',2,'00:00:00','00:00:00','00:00:00','00:00:00','00:00:00','00:00:00',0,0,'','0000-00-00'),(72,'',2,'00:00:00','00:00:00','00:00:00','00:00:00','00:00:00','00:00:00',0,0,'','0000-00-00'),(73,'',2,'00:00:00','00:00:00','00:00:00','00:00:00','00:00:00','00:00:00',0,0,'','0000-00-00'),(74,'',2,'00:00:00','00:00:00','00:00:00','00:00:00','00:00:00','00:00:00',0,0,'','0000-00-00'),(75,'',2,'00:00:00','00:00:00','00:00:00','00:00:00','00:00:00','00:00:00',0,0,'','0000-00-00'),(76,'',2,'00:00:00','00:00:00','00:00:00','00:00:00','00:00:00','00:00:00',0,0,'','0000-00-00'),(77,'',2,'00:00:00','00:00:00','00:00:00','00:00:00','00:00:00','00:00:00',0,0,'','0000-00-00'),(78,'',2,'00:00:00','00:00:00','00:00:00','00:00:00','00:00:00','00:00:00',0,0,'','0000-00-00'),(79,'',2,'00:00:00','00:00:00','00:00:00','00:00:00','00:00:00','00:00:00',0,0,'','0000-00-00'),(80,'',2,'00:00:00','00:00:00','00:00:00','00:00:00','00:00:00','00:00:00',0,0,'','0000-00-00'),(81,'',2,'00:00:00','00:00:00','00:00:00','00:00:00','00:00:00','00:00:00',0,0,'','0000-00-00'),(82,'',2,'00:00:00','00:00:00','00:00:00','00:00:00','00:00:00','00:00:00',0,0,'','0000-00-00'),(83,'',2,'00:00:00','00:00:00','00:00:00','00:00:00','00:00:00','00:00:00',0,0,'','0000-00-00'),(84,'',2,'00:00:00','00:00:00','00:00:00','00:00:00','00:00:00','00:00:00',0,0,'','0000-00-00'),(85,'',2,'00:00:00','00:00:00','00:00:00','00:00:00','00:00:00','00:00:00',0,0,'','0000-00-00'),(86,'',2,'00:00:00','00:00:00','00:00:00','00:00:00','00:00:00','00:00:00',0,0,'','0000-00-00'),(87,'',2,'00:00:00','00:00:00','00:00:00','00:00:00','00:00:00','00:00:00',0,0,'','0000-00-00'),(88,'',2,'00:00:00','00:00:00','00:00:00','00:00:00','00:00:00','00:00:00',0,0,'','0000-00-00'),(89,'',2,'00:00:00','00:00:00','00:00:00','00:00:00','00:00:00','00:00:00',0,0,'','0000-00-00'),(90,'',2,'00:00:00','00:00:00','00:00:00','00:00:00','00:00:00','00:00:00',0,0,'','0000-00-00'),(91,'',2,'00:00:00','00:00:00','00:00:00','00:00:00','00:00:00','00:00:00',0,0,'','0000-00-00'),(92,'',2,'00:00:00','00:00:00','00:00:00','00:00:00','00:00:00','00:00:00',0,0,'','0000-00-00'),(93,'',2,'00:00:00','00:00:00','00:00:00','00:00:00','00:00:00','00:00:00',0,0,'','0000-00-00'),(94,'',2,'00:00:00','00:00:00','00:00:00','00:00:00','00:00:00','00:00:00',0,0,'','0000-00-00'),(95,'',2,'00:00:00','00:00:00','00:00:00','00:00:00','00:00:00','00:00:00',0,0,'','0000-00-00'),(96,'',2,'00:00:00','00:00:00','00:00:00','00:00:00','00:00:00','00:00:00',0,0,'','0000-00-00'),(97,'',2,'00:00:00','00:00:00','00:00:00','00:00:00','00:00:00','00:00:00',0,0,'','0000-00-00'),(98,'',2,'00:00:00','00:00:00','00:00:00','00:00:00','00:00:00','00:00:00',0,0,'','0000-00-00'),(99,'',2,'00:00:00','00:00:00','00:00:00','00:00:00','00:00:00','00:00:00',0,0,'','0000-00-00'),(100,'',2,'00:00:00','00:00:00','00:00:00','00:00:00','00:00:00','00:00:00',0,0,'','0000-00-00'),(101,'',2,'00:00:00','00:00:00','00:00:00','00:00:00','00:00:00','00:00:00',0,0,'','0000-00-00'),(102,'',2,'00:00:00','00:00:00','00:00:00','00:00:00','00:00:00','00:00:00',0,0,'','0000-00-00'),(103,'',2,'00:00:00','00:00:00','00:00:00','00:00:00','00:00:00','00:00:00',0,0,'','0000-00-00'),(104,'',2,'00:00:00','00:00:00','00:00:00','00:00:00','00:00:00','00:00:00',0,0,'','0000-00-00'),(105,'',2,'00:00:00','00:00:00','00:00:00','00:00:00','00:00:00','00:00:00',0,0,'','0000-00-00'),(106,'',2,'00:00:00','00:00:00','00:00:00','00:00:00','00:00:00','00:00:00',0,0,'','0000-00-00'),(107,'',2,'00:00:00','00:00:00','00:00:00','00:00:00','00:00:00','00:00:00',0,0,'','0000-00-00'),(108,'',2,'00:00:00','00:00:00','00:00:00','00:00:00','00:00:00','00:00:00',0,0,'','0000-00-00'),(109,'',2,'00:00:00','00:00:00','00:00:00','00:00:00','00:00:00','00:00:00',0,0,'','0000-00-00'),(110,'',2,'00:00:00','00:00:00','00:00:00','00:00:00','00:00:00','00:00:00',0,0,'','0000-00-00'),(111,'',2,'00:00:00','00:00:00','00:00:00','00:00:00','00:00:00','00:00:00',0,0,'','0000-00-00'),(112,'',2,'00:00:00','00:00:00','00:00:00','00:00:00','00:00:00','00:00:00',0,0,'','0000-00-00'),(113,'',2,'00:00:00','00:00:00','00:00:00','00:00:00','00:00:00','00:00:00',0,0,'','0000-00-00'),(114,'',2,'00:00:00','00:00:00','00:00:00','00:00:00','00:00:00','00:00:00',0,0,'','0000-00-00'),(115,'',2,'00:00:00','00:00:00','00:00:00','00:00:00','00:00:00','00:00:00',0,0,'','0000-00-00'),(116,'',2,'00:00:00','00:00:00','00:00:00','00:00:00','00:00:00','00:00:00',0,0,'','0000-00-00'),(117,'',2,'00:00:00','00:00:00','00:00:00','00:00:00','00:00:00','00:00:00',0,0,'','0000-00-00'),(118,'',2,'00:00:00','00:00:00','00:00:00','00:00:00','00:00:00','00:00:00',0,0,'','0000-00-00'),(119,'',2,'00:00:00','00:00:00','00:00:00','00:00:00','00:00:00','00:00:00',0,0,'','0000-00-00'),(120,'',2,'00:00:00','00:00:00','00:00:00','00:00:00','00:00:00','00:00:00',0,0,'','0000-00-00'),(121,'',2,'00:00:00','00:00:00','00:00:00','00:00:00','00:00:00','00:00:00',0,0,'','0000-00-00'),(122,'',2,'00:00:00','00:00:00','00:00:00','00:00:00','00:00:00','00:00:00',0,0,'','0000-00-00'),(123,'',2,'00:00:00','00:00:00','00:00:00','00:00:00','00:00:00','00:00:00',0,0,'','0000-00-00'),(124,'',2,'00:00:00','00:00:00','00:00:00','00:00:00','00:00:00','00:00:00',0,0,'','0000-00-00'),(125,'',2,'00:00:00','00:00:00','00:00:00','00:00:00','00:00:00','00:00:00',0,0,'','0000-00-00'),(126,'',2,'00:00:00','00:00:00','00:00:00','00:00:00','00:00:00','00:00:00',0,0,'','0000-00-00'),(127,'',2,'00:00:00','00:00:00','00:00:00','00:00:00','00:00:00','00:00:00',0,0,'','0000-00-00'),(128,'',2,'00:00:00','00:00:00','00:00:00','00:00:00','00:00:00','00:00:00',0,0,'','0000-00-00'),(129,'',2,'00:00:00','00:00:00','00:00:00','00:00:00','00:00:00','00:00:00',0,0,'','0000-00-00'),(130,'',2,'00:00:00','00:00:00','00:00:00','00:00:00','00:00:00','00:00:00',0,0,'','0000-00-00'),(131,'',2,'00:00:00','00:00:00','00:00:00','00:00:00','00:00:00','00:00:00',0,0,'','0000-00-00'),(132,'',2,'00:00:00','00:00:00','00:00:00','00:00:00','00:00:00','00:00:00',0,0,'','0000-00-00'),(133,'',2,'00:00:00','00:00:00','00:00:00','00:00:00','00:00:00','00:00:00',0,0,'','0000-00-00'),(134,'',2,'00:00:00','00:00:00','00:00:00','00:00:00','00:00:00','00:00:00',0,0,'','0000-00-00'),(135,'',2,'00:00:00','00:00:00','00:00:00','00:00:00','00:00:00','00:00:00',0,0,'','0000-00-00'),(136,'',2,'00:00:00','00:00:00','00:00:00','00:00:00','00:00:00','00:00:00',0,0,'','0000-00-00'),(137,'',2,'00:00:00','00:00:00','00:00:00','00:00:00','00:00:00','00:00:00',0,0,'','0000-00-00'),(138,'',2,'00:00:00','00:00:00','00:00:00','00:00:00','00:00:00','00:00:00',0,0,'','0000-00-00'),(139,'',2,'00:00:00','00:00:00','00:00:00','00:00:00','00:00:00','00:00:00',0,0,'','0000-00-00'),(140,'',2,'00:00:00','00:00:00','00:00:00','00:00:00','00:00:00','00:00:00',0,0,'','0000-00-00'),(141,'',2,'00:00:00','00:00:00','00:00:00','00:00:00','00:00:00','00:00:00',0,0,'','0000-00-00'),(142,'',2,'00:00:00','00:00:00','00:00:00','00:00:00','00:00:00','00:00:00',0,0,'','0000-00-00'),(143,'',2,'00:00:00','00:00:00','00:00:00','00:00:00','00:00:00','00:00:00',0,0,'','0000-00-00'),(144,'',2,'00:00:00','00:00:00','00:00:00','00:00:00','00:00:00','00:00:00',0,0,'','0000-00-00'),(145,'',2,'00:00:00','00:00:00','00:00:00','00:00:00','00:00:00','00:00:00',0,0,'','0000-00-00'),(146,'',2,'00:00:00','00:00:00','00:00:00','00:00:00','00:00:00','00:00:00',0,0,'','0000-00-00'),(147,'',2,'00:00:00','00:00:00','00:00:00','00:00:00','00:00:00','00:00:00',0,0,'','0000-00-00'),(148,'',2,'00:00:00','00:00:00','00:00:00','00:00:00','00:00:00','00:00:00',0,0,'','0000-00-00'),(149,'',2,'00:00:00','00:00:00','00:00:00','00:00:00','00:00:00','00:00:00',0,0,'','0000-00-00'),(150,'',2,'00:00:00','00:00:00','00:00:00','00:00:00','00:00:00','00:00:00',0,0,'','0000-00-00'),(151,'',2,'00:00:00','00:00:00','00:00:00','00:00:00','00:00:00','00:00:00',0,0,'','0000-00-00'),(152,'',2,'00:00:00','00:00:00','00:00:00','00:00:00','00:00:00','00:00:00',0,0,'','0000-00-00'),(153,'',2,'00:00:00','00:00:00','00:00:00','00:00:00','00:00:00','00:00:00',0,0,'','0000-00-00'),(154,'',2,'00:00:00','00:00:00','00:00:00','00:00:00','00:00:00','00:00:00',0,0,'','0000-00-00'),(155,'',2,'00:00:00','00:00:00','00:00:00','00:00:00','00:00:00','00:00:00',0,0,'','0000-00-00'),(156,'',2,'00:00:00','00:00:00','00:00:00','00:00:00','00:00:00','00:00:00',0,0,'','0000-00-00'),(157,'',2,'00:00:00','00:00:00','00:00:00','00:00:00','00:00:00','00:00:00',0,0,'','0000-00-00'),(158,'',2,'00:00:00','00:00:00','00:00:00','00:00:00','00:00:00','00:00:00',0,0,'','0000-00-00'),(159,'',2,'00:00:00','00:00:00','00:00:00','00:00:00','00:00:00','00:00:00',0,0,'','0000-00-00'),(160,'',2,'00:00:00','00:00:00','00:00:00','00:00:00','00:00:00','00:00:00',0,0,'','0000-00-00'),(161,'',2,'00:00:00','00:00:00','00:00:00','00:00:00','00:00:00','00:00:00',0,0,'','0000-00-00'),(162,'',2,'00:00:00','00:00:00','00:00:00','00:00:00','00:00:00','00:00:00',0,0,'','0000-00-00'),(163,'',2,'00:00:00','00:00:00','00:00:00','00:00:00','00:00:00','00:00:00',0,0,'','0000-00-00'),(164,'',2,'00:00:00','00:00:00','00:00:00','00:00:00','00:00:00','00:00:00',0,0,'','0000-00-00'),(165,'',2,'00:00:00','00:00:00','00:00:00','00:00:00','00:00:00','00:00:00',0,0,'','0000-00-00'),(166,'',2,'00:00:00','00:00:00','00:00:00','00:00:00','00:00:00','00:00:00',0,0,'','0000-00-00'),(167,'',2,'00:00:00','00:00:00','00:00:00','00:00:00','00:00:00','00:00:00',0,0,'','0000-00-00'),(168,'',2,'00:00:00','00:00:00','00:00:00','00:00:00','00:00:00','00:00:00',0,0,'','0000-00-00'),(169,'',2,'00:00:00','00:00:00','00:00:00','00:00:00','00:00:00','00:00:00',0,0,'','0000-00-00'),(170,'',2,'00:00:00','00:00:00','00:00:00','00:00:00','00:00:00','00:00:00',0,0,'','0000-00-00'),(171,'',2,'00:00:00','00:00:00','00:00:00','00:00:00','00:00:00','00:00:00',0,0,'','0000-00-00'),(172,'',2,'00:00:00','00:00:00','00:00:00','00:00:00','00:00:00','00:00:00',0,0,'','0000-00-00'),(173,'',2,'00:00:00','00:00:00','00:00:00','00:00:00','00:00:00','00:00:00',0,0,'','0000-00-00'),(174,'',2,'00:00:00','00:00:00','00:00:00','00:00:00','00:00:00','00:00:00',0,0,'','0000-00-00'),(175,'',2,'00:00:00','00:00:00','00:00:00','00:00:00','00:00:00','00:00:00',0,0,'','0000-00-00'),(176,'',2,'00:00:00','00:00:00','00:00:00','00:00:00','00:00:00','00:00:00',0,0,'','0000-00-00'),(177,'',2,'00:00:00','00:00:00','00:00:00','00:00:00','00:00:00','00:00:00',0,0,'','0000-00-00'),(178,'',2,'00:00:00','00:00:00','00:00:00','00:00:00','00:00:00','00:00:00',0,0,'','0000-00-00'),(179,'',2,'00:00:00','00:00:00','00:00:00','00:00:00','00:00:00','00:00:00',0,0,'','0000-00-00'),(180,'',2,'00:00:00','00:00:00','00:00:00','00:00:00','00:00:00','00:00:00',0,0,'','0000-00-00'),(181,'',2,'00:00:00','00:00:00','00:00:00','00:00:00','00:00:00','00:00:00',0,0,'','0000-00-00'),(182,'',2,'00:00:00','00:00:00','00:00:00','00:00:00','00:00:00','00:00:00',0,0,'','0000-00-00'),(183,'',2,'00:00:00','00:00:00','00:00:00','00:00:00','00:00:00','00:00:00',0,0,'','0000-00-00'),(184,'',2,'00:00:00','00:00:00','00:00:00','00:00:00','00:00:00','00:00:00',0,0,'','0000-00-00'),(185,'',2,'00:00:00','00:00:00','00:00:00','00:00:00','00:00:00','00:00:00',0,0,'','0000-00-00'),(186,'',2,'00:00:00','00:00:00','00:00:00','00:00:00','00:00:00','00:00:00',0,0,'','0000-00-00'),(187,'',2,'00:00:00','00:00:00','00:00:00','00:00:00','00:00:00','00:00:00',0,0,'','0000-00-00'),(188,'',2,'00:00:00','00:00:00','00:00:00','00:00:00','00:00:00','00:00:00',0,0,'','0000-00-00'),(189,'',2,'00:00:00','00:00:00','00:00:00','00:00:00','00:00:00','00:00:00',0,0,'','0000-00-00'),(190,'',2,'00:00:00','00:00:00','00:00:00','00:00:00','00:00:00','00:00:00',0,0,'','0000-00-00'),(191,'',2,'00:00:00','00:00:00','00:00:00','00:00:00','00:00:00','00:00:00',0,0,'','0000-00-00'),(192,'',2,'00:00:00','00:00:00','00:00:00','00:00:00','00:00:00','00:00:00',0,0,'','0000-00-00'),(193,'',2,'00:00:00','00:00:00','00:00:00','00:00:00','00:00:00','00:00:00',0,0,'','0000-00-00'),(194,'',2,'00:00:00','00:00:00','00:00:00','00:00:00','00:00:00','00:00:00',0,0,'','0000-00-00'),(195,'',2,'00:00:00','00:00:00','00:00:00','00:00:00','00:00:00','00:00:00',0,0,'','0000-00-00'),(196,'',2,'00:00:00','00:00:00','00:00:00','00:00:00','00:00:00','00:00:00',0,0,'','0000-00-00'),(197,'',2,'00:00:00','00:00:00','00:00:00','00:00:00','00:00:00','00:00:00',0,0,'','0000-00-00'),(198,'',2,'00:00:00','00:00:00','00:00:00','00:00:00','00:00:00','00:00:00',0,0,'','0000-00-00'),(199,'',2,'00:00:00','00:00:00','00:00:00','00:00:00','00:00:00','00:00:00',0,0,'','0000-00-00'),(200,'',2,'00:00:00','00:00:00','00:00:00','00:00:00','00:00:00','00:00:00',0,0,'','0000-00-00'),(201,'',2,'00:00:00','00:00:00','00:00:00','00:00:00','00:00:00','00:00:00',0,0,'','0000-00-00'),(202,'',2,'00:00:00','00:00:00','00:00:00','00:00:00','00:00:00','00:00:00',0,0,'','0000-00-00'),(203,'',2,'00:00:00','00:00:00','00:00:00','00:00:00','00:00:00','00:00:00',0,0,'','0000-00-00'),(204,'',2,'00:00:00','00:00:00','00:00:00','00:00:00','00:00:00','00:00:00',0,0,'','0000-00-00'),(205,'',2,'00:00:00','00:00:00','00:00:00','00:00:00','00:00:00','00:00:00',0,0,'','0000-00-00'),(206,'',2,'00:00:00','00:00:00','00:00:00','00:00:00','00:00:00','00:00:00',0,0,'','0000-00-00'),(207,'',2,'00:00:00','00:00:00','00:00:00','00:00:00','00:00:00','00:00:00',0,0,'','0000-00-00'),(208,'',2,'00:00:00','00:00:00','00:00:00','00:00:00','00:00:00','00:00:00',0,0,'','0000-00-00'),(209,'',2,'00:00:00','00:00:00','00:00:00','00:00:00','00:00:00','00:00:00',0,0,'','0000-00-00'),(210,'',2,'00:00:00','00:00:00','00:00:00','00:00:00','00:00:00','00:00:00',0,0,'','0000-00-00'),(211,'',2,'00:00:00','00:00:00','00:00:00','00:00:00','00:00:00','00:00:00',0,0,'','0000-00-00'),(212,'',2,'00:00:00','00:00:00','00:00:00','00:00:00','00:00:00','00:00:00',0,0,'','0000-00-00'),(213,'',2,'00:00:00','00:00:00','00:00:00','00:00:00','00:00:00','00:00:00',0,0,'','0000-00-00'),(214,'',2,'00:00:00','00:00:00','00:00:00','00:00:00','00:00:00','00:00:00',0,0,'','0000-00-00'),(215,'',2,'00:00:00','00:00:00','00:00:00','00:00:00','00:00:00','00:00:00',0,0,'','0000-00-00'),(216,'',2,'00:00:00','00:00:00','00:00:00','00:00:00','00:00:00','00:00:00',0,0,'','0000-00-00'),(217,'',2,'00:00:00','00:00:00','00:00:00','00:00:00','00:00:00','00:00:00',0,0,'','0000-00-00'),(218,'',2,'00:00:00','00:00:00','00:00:00','00:00:00','00:00:00','00:00:00',0,0,'','0000-00-00'),(219,'',2,'00:00:00','00:00:00','00:00:00','00:00:00','00:00:00','00:00:00',0,0,'','0000-00-00'),(220,'',2,'00:00:00','00:00:00','00:00:00','00:00:00','00:00:00','00:00:00',0,0,'','0000-00-00'),(221,'',2,'00:00:00','00:00:00','00:00:00','00:00:00','00:00:00','00:00:00',0,0,'','0000-00-00'),(222,'',2,'00:00:00','00:00:00','00:00:00','00:00:00','00:00:00','00:00:00',0,0,'','0000-00-00'),(223,'',2,'00:00:00','00:00:00','00:00:00','00:00:00','00:00:00','00:00:00',0,0,'','0000-00-00'),(224,'',2,'00:00:00','00:00:00','00:00:00','00:00:00','00:00:00','00:00:00',0,0,'','0000-00-00'),(225,'',2,'00:00:00','00:00:00','00:00:00','00:00:00','00:00:00','00:00:00',0,0,'','0000-00-00'),(226,'',2,'00:00:00','00:00:00','00:00:00','00:00:00','00:00:00','00:00:00',0,0,'','0000-00-00'),(227,'',2,'00:00:00','00:00:00','00:00:00','00:00:00','00:00:00','00:00:00',0,0,'','0000-00-00'),(228,'',2,'00:00:00','00:00:00','00:00:00','00:00:00','00:00:00','00:00:00',0,0,'','0000-00-00'),(229,'',2,'00:00:00','00:00:00','00:00:00','00:00:00','00:00:00','00:00:00',0,0,'','0000-00-00'),(230,'',2,'00:00:00','00:00:00','00:00:00','00:00:00','00:00:00','00:00:00',0,0,'','0000-00-00'),(231,'',2,'00:00:00','00:00:00','00:00:00','00:00:00','00:00:00','00:00:00',0,0,'','0000-00-00'),(232,'',2,'00:00:00','00:00:00','00:00:00','00:00:00','00:00:00','00:00:00',0,0,'','0000-00-00'),(233,'',2,'00:00:00','00:00:00','00:00:00','00:00:00','00:00:00','00:00:00',0,0,'','0000-00-00'),(234,'',2,'00:00:00','00:00:00','00:00:00','00:00:00','00:00:00','00:00:00',0,0,'','0000-00-00'),(235,'',2,'00:00:00','00:00:00','00:00:00','00:00:00','00:00:00','00:00:00',0,0,'','0000-00-00'),(236,'',2,'00:00:00','00:00:00','00:00:00','00:00:00','00:00:00','00:00:00',0,0,'','0000-00-00'),(237,'',2,'00:00:00','00:00:00','00:00:00','00:00:00','00:00:00','00:00:00',0,0,'','0000-00-00'),(238,'',2,'00:00:00','00:00:00','00:00:00','00:00:00','00:00:00','00:00:00',0,0,'','0000-00-00'),(239,'',2,'00:00:00','00:00:00','00:00:00','00:00:00','00:00:00','00:00:00',0,0,'','0000-00-00'),(240,'',2,'00:00:00','00:00:00','00:00:00','00:00:00','00:00:00','00:00:00',0,0,'','0000-00-00'),(241,'',2,'00:00:00','00:00:00','00:00:00','00:00:00','00:00:00','00:00:00',0,0,'','0000-00-00'),(242,'',2,'00:00:00','00:00:00','00:00:00','00:00:00','00:00:00','00:00:00',0,0,'','0000-00-00'),(243,'',2,'00:00:00','00:00:00','00:00:00','00:00:00','00:00:00','00:00:00',0,0,'','0000-00-00'),(244,'',2,'00:00:00','00:00:00','00:00:00','00:00:00','00:00:00','00:00:00',0,0,'','0000-00-00'),(245,'',2,'00:00:00','00:00:00','00:00:00','00:00:00','00:00:00','00:00:00',0,0,'','0000-00-00'),(246,'',2,'00:00:00','00:00:00','00:00:00','00:00:00','00:00:00','00:00:00',0,0,'','0000-00-00'),(247,'',2,'00:00:00','00:00:00','00:00:00','00:00:00','00:00:00','00:00:00',0,0,'','0000-00-00'),(248,'',2,'00:00:00','00:00:00','00:00:00','00:00:00','00:00:00','00:00:00',0,0,'','0000-00-00'),(249,'',2,'00:00:00','00:00:00','00:00:00','00:00:00','00:00:00','00:00:00',0,0,'','0000-00-00'),(250,'',2,'00:00:00','00:00:00','00:00:00','00:00:00','00:00:00','00:00:00',0,0,'','0000-00-00'),(251,'',2,'00:00:00','00:00:00','00:00:00','00:00:00','00:00:00','00:00:00',0,0,'','0000-00-00'),(252,'',2,'00:00:00','00:00:00','00:00:00','00:00:00','00:00:00','00:00:00',0,0,'','0000-00-00'),(253,'',2,'00:00:00','00:00:00','00:00:00','00:00:00','00:00:00','00:00:00',0,0,'','0000-00-00'),(254,'',2,'00:00:00','00:00:00','00:00:00','00:00:00','00:00:00','00:00:00',0,0,'','0000-00-00'),(255,'',2,'00:00:00','00:00:00','00:00:00','00:00:00','00:00:00','00:00:00',0,0,'','0000-00-00'),(256,'',2,'00:00:00','00:00:00','00:00:00','00:00:00','00:00:00','00:00:00',0,0,'','0000-00-00'),(257,'',2,'00:00:00','00:00:00','00:00:00','00:00:00','00:00:00','00:00:00',0,0,'','0000-00-00'),(258,'',2,'00:00:00','00:00:00','00:00:00','00:00:00','00:00:00','00:00:00',0,0,'','0000-00-00'),(259,'',2,'00:00:00','00:00:00','00:00:00','00:00:00','00:00:00','00:00:00',0,0,'','0000-00-00'),(260,'',2,'00:00:00','00:00:00','00:00:00','00:00:00','00:00:00','00:00:00',0,0,'','0000-00-00'),(261,'',2,'00:00:00','00:00:00','00:00:00','00:00:00','00:00:00','00:00:00',0,0,'','0000-00-00'),(262,'',2,'00:00:00','00:00:00','00:00:00','00:00:00','00:00:00','00:00:00',0,0,'','0000-00-00'),(263,'',2,'00:00:00','00:00:00','00:00:00','00:00:00','00:00:00','00:00:00',0,0,'','0000-00-00'),(264,'',2,'00:00:00','00:00:00','00:00:00','00:00:00','00:00:00','00:00:00',0,0,'','0000-00-00'),(265,'',2,'00:00:00','00:00:00','00:00:00','00:00:00','00:00:00','00:00:00',0,0,'','0000-00-00'),(266,'',2,'00:00:00','00:00:00','00:00:00','00:00:00','00:00:00','00:00:00',0,0,'','0000-00-00'),(267,'',2,'00:00:00','00:00:00','00:00:00','00:00:00','00:00:00','00:00:00',0,0,'','0000-00-00'),(268,'',2,'00:00:00','00:00:00','00:00:00','00:00:00','00:00:00','00:00:00',0,0,'','0000-00-00'),(269,'',2,'00:00:00','00:00:00','00:00:00','00:00:00','00:00:00','00:00:00',0,0,'','0000-00-00'),(270,'',2,'00:00:00','00:00:00','00:00:00','00:00:00','00:00:00','00:00:00',0,0,'','0000-00-00'),(271,'',2,'00:00:00','00:00:00','00:00:00','00:00:00','00:00:00','00:00:00',0,0,'','0000-00-00'),(272,'',2,'00:00:00','00:00:00','00:00:00','00:00:00','00:00:00','00:00:00',0,0,'','0000-00-00'),(273,'',2,'00:00:00','00:00:00','00:00:00','00:00:00','00:00:00','00:00:00',0,0,'','0000-00-00'),(274,'',2,'00:00:00','00:00:00','00:00:00','00:00:00','00:00:00','00:00:00',0,0,'','0000-00-00'),(275,'',2,'00:00:00','00:00:00','00:00:00','00:00:00','00:00:00','00:00:00',0,0,'','0000-00-00'),(276,'',2,'00:00:00','00:00:00','00:00:00','00:00:00','00:00:00','00:00:00',0,0,'','0000-00-00'),(277,'',2,'00:00:00','00:00:00','00:00:00','00:00:00','00:00:00','00:00:00',0,0,'','0000-00-00'),(278,'',2,'00:00:00','00:00:00','00:00:00','00:00:00','00:00:00','00:00:00',0,0,'','0000-00-00'),(279,'',2,'00:00:00','00:00:00','00:00:00','00:00:00','00:00:00','00:00:00',0,0,'','0000-00-00'),(280,'',2,'00:00:00','00:00:00','00:00:00','00:00:00','00:00:00','00:00:00',0,0,'','0000-00-00'),(281,'',2,'00:00:00','00:00:00','00:00:00','00:00:00','00:00:00','00:00:00',0,0,'','0000-00-00'),(282,'',2,'00:00:00','00:00:00','00:00:00','00:00:00','00:00:00','00:00:00',0,0,'','0000-00-00'),(283,'',2,'00:00:00','00:00:00','00:00:00','00:00:00','00:00:00','00:00:00',0,0,'','0000-00-00'),(284,'',2,'00:00:00','00:00:00','00:00:00','00:00:00','00:00:00','00:00:00',0,0,'','0000-00-00'),(285,'',2,'00:00:00','00:00:00','00:00:00','00:00:00','00:00:00','00:00:00',0,0,'','0000-00-00'),(286,'',2,'00:00:00','00:00:00','00:00:00','00:00:00','00:00:00','00:00:00',0,0,'','0000-00-00'),(287,'',2,'00:00:00','00:00:00','00:00:00','00:00:00','00:00:00','00:00:00',0,0,'','0000-00-00'),(288,'',2,'00:00:00','00:00:00','00:00:00','00:00:00','00:00:00','00:00:00',0,0,'','0000-00-00'),(289,'',2,'00:00:00','00:00:00','00:00:00','00:00:00','00:00:00','00:00:00',0,0,'','0000-00-00'),(290,'',2,'00:00:00','00:00:00','00:00:00','00:00:00','00:00:00','00:00:00',0,0,'','0000-00-00'),(291,'',2,'00:00:00','00:00:00','00:00:00','00:00:00','00:00:00','00:00:00',0,0,'','0000-00-00'),(292,'',2,'00:00:00','00:00:00','00:00:00','00:00:00','00:00:00','00:00:00',0,0,'','0000-00-00'),(293,'',2,'00:00:00','00:00:00','00:00:00','00:00:00','00:00:00','00:00:00',0,0,'','0000-00-00'),(294,'',2,'00:00:00','00:00:00','00:00:00','00:00:00','00:00:00','00:00:00',0,0,'','0000-00-00'),(295,'',2,'00:00:00','00:00:00','00:00:00','00:00:00','00:00:00','00:00:00',0,0,'','0000-00-00'),(296,'',2,'00:00:00','00:00:00','00:00:00','00:00:00','00:00:00','00:00:00',0,0,'','0000-00-00'),(297,'',2,'00:00:00','00:00:00','00:00:00','00:00:00','00:00:00','00:00:00',0,0,'','0000-00-00'),(298,'',2,'00:00:00','00:00:00','00:00:00','00:00:00','00:00:00','00:00:00',0,0,'','0000-00-00'),(299,'',2,'00:00:00','00:00:00','00:00:00','00:00:00','00:00:00','00:00:00',0,0,'','0000-00-00'),(300,'',2,'00:00:00','00:00:00','00:00:00','00:00:00','00:00:00','00:00:00',0,0,'','0000-00-00'),(301,'',2,'00:00:00','00:00:00','00:00:00','00:00:00','00:00:00','00:00:00',0,0,'','0000-00-00'),(302,'',2,'00:00:00','00:00:00','00:00:00','00:00:00','00:00:00','00:00:00',0,0,'','0000-00-00'),(303,'',2,'00:00:00','00:00:00','00:00:00','00:00:00','00:00:00','00:00:00',0,0,'','0000-00-00'),(304,'',2,'00:00:00','00:00:00','00:00:00','00:00:00','00:00:00','00:00:00',0,0,'','0000-00-00'),(305,'',2,'00:00:00','00:00:00','00:00:00','00:00:00','00:00:00','00:00:00',0,0,'','0000-00-00'),(306,'',2,'00:00:00','00:00:00','00:00:00','00:00:00','00:00:00','00:00:00',0,0,'','0000-00-00'),(307,'',2,'00:00:00','00:00:00','00:00:00','00:00:00','00:00:00','00:00:00',0,0,'','0000-00-00'),(308,'',2,'00:00:00','00:00:00','00:00:00','00:00:00','00:00:00','00:00:00',0,0,'','0000-00-00'),(309,'',2,'00:00:00','00:00:00','00:00:00','00:00:00','00:00:00','00:00:00',0,0,'','0000-00-00'),(310,'',2,'00:00:00','00:00:00','00:00:00','00:00:00','00:00:00','00:00:00',0,0,'','0000-00-00'),(311,'',2,'00:00:00','00:00:00','00:00:00','00:00:00','00:00:00','00:00:00',0,0,'','0000-00-00'),(312,'',2,'00:00:00','00:00:00','00:00:00','00:00:00','00:00:00','00:00:00',0,0,'','0000-00-00'),(313,'',2,'00:00:00','00:00:00','00:00:00','00:00:00','00:00:00','00:00:00',0,0,'','0000-00-00'),(314,'',2,'00:00:00','00:00:00','00:00:00','00:00:00','00:00:00','00:00:00',0,0,'','0000-00-00'),(315,'',2,'00:00:00','00:00:00','00:00:00','00:00:00','00:00:00','00:00:00',0,0,'','0000-00-00'),(316,'',2,'00:00:00','00:00:00','00:00:00','00:00:00','00:00:00','00:00:00',0,0,'','0000-00-00'),(317,'',2,'00:00:00','00:00:00','00:00:00','00:00:00','00:00:00','00:00:00',0,0,'','0000-00-00'),(318,'',2,'00:00:00','00:00:00','00:00:00','00:00:00','00:00:00','00:00:00',0,0,'','0000-00-00'),(319,'',2,'00:00:00','00:00:00','00:00:00','00:00:00','00:00:00','00:00:00',0,0,'','0000-00-00'),(320,'',2,'00:00:00','00:00:00','00:00:00','00:00:00','00:00:00','00:00:00',0,0,'','0000-00-00'),(321,'',2,'00:00:00','00:00:00','00:00:00','00:00:00','00:00:00','00:00:00',0,0,'','0000-00-00'),(322,'',2,'00:00:00','00:00:00','00:00:00','00:00:00','00:00:00','00:00:00',0,0,'','0000-00-00'),(323,'',2,'00:00:00','00:00:00','00:00:00','00:00:00','00:00:00','00:00:00',0,0,'','0000-00-00'),(324,'',2,'00:00:00','00:00:00','00:00:00','00:00:00','00:00:00','00:00:00',0,0,'','0000-00-00'),(325,'',2,'00:00:00','00:00:00','00:00:00','00:00:00','00:00:00','00:00:00',0,0,'','0000-00-00'),(326,'',2,'00:00:00','00:00:00','00:00:00','00:00:00','00:00:00','00:00:00',0,0,'','0000-00-00'),(327,'',2,'00:00:00','00:00:00','00:00:00','00:00:00','00:00:00','00:00:00',0,0,'','0000-00-00'),(328,'',2,'00:00:00','00:00:00','00:00:00','00:00:00','00:00:00','00:00:00',0,0,'','0000-00-00'),(329,'',2,'00:00:00','00:00:00','00:00:00','00:00:00','00:00:00','00:00:00',0,0,'','0000-00-00'),(330,'',2,'00:00:00','00:00:00','00:00:00','00:00:00','00:00:00','00:00:00',0,0,'','0000-00-00'),(331,'',2,'00:00:00','00:00:00','00:00:00','00:00:00','00:00:00','00:00:00',0,0,'','0000-00-00'),(332,'',2,'00:00:00','00:00:00','00:00:00','00:00:00','00:00:00','00:00:00',0,0,'','0000-00-00'),(333,'',2,'00:00:00','00:00:00','00:00:00','00:00:00','00:00:00','00:00:00',0,0,'','0000-00-00'),(334,'',2,'00:00:00','00:00:00','00:00:00','00:00:00','00:00:00','00:00:00',0,0,'','0000-00-00'),(335,'',2,'00:00:00','00:00:00','00:00:00','00:00:00','00:00:00','00:00:00',0,0,'','0000-00-00'),(336,'',2,'00:00:00','00:00:00','00:00:00','00:00:00','00:00:00','00:00:00',0,0,'','0000-00-00'),(337,'',2,'00:00:00','00:00:00','00:00:00','00:00:00','00:00:00','00:00:00',0,0,'','0000-00-00'),(338,'',2,'00:00:00','00:00:00','00:00:00','00:00:00','00:00:00','00:00:00',0,0,'','0000-00-00'),(339,'',2,'00:00:00','00:00:00','00:00:00','00:00:00','00:00:00','00:00:00',0,0,'','0000-00-00'),(340,'',2,'00:00:00','00:00:00','00:00:00','00:00:00','00:00:00','00:00:00',0,0,'','0000-00-00'),(341,'',2,'00:00:00','00:00:00','00:00:00','00:00:00','00:00:00','00:00:00',0,0,'','0000-00-00'),(342,'',2,'00:00:00','00:00:00','00:00:00','00:00:00','00:00:00','00:00:00',0,0,'','0000-00-00'),(343,'',2,'00:00:00','00:00:00','00:00:00','00:00:00','00:00:00','00:00:00',0,0,'','0000-00-00'),(344,'',2,'00:00:00','00:00:00','00:00:00','00:00:00','00:00:00','00:00:00',0,0,'','0000-00-00'),(345,'',2,'00:00:00','00:00:00','00:00:00','00:00:00','00:00:00','00:00:00',0,0,'','0000-00-00'),(346,'',2,'00:00:00','00:00:00','00:00:00','00:00:00','00:00:00','00:00:00',0,0,'','0000-00-00'),(347,'',2,'00:00:00','00:00:00','00:00:00','00:00:00','00:00:00','00:00:00',0,0,'','0000-00-00'),(348,'',2,'00:00:00','00:00:00','00:00:00','00:00:00','00:00:00','00:00:00',0,0,'','0000-00-00'),(349,'',2,'00:00:00','00:00:00','00:00:00','00:00:00','00:00:00','00:00:00',0,0,'','0000-00-00'),(350,'',2,'00:00:00','00:00:00','00:00:00','00:00:00','00:00:00','00:00:00',0,0,'','0000-00-00'),(351,'',2,'00:00:00','00:00:00','00:00:00','00:00:00','00:00:00','00:00:00',0,0,'','0000-00-00'),(352,'',2,'00:00:00','00:00:00','00:00:00','00:00:00','00:00:00','00:00:00',0,0,'','0000-00-00'),(353,'',2,'00:00:00','00:00:00','00:00:00','00:00:00','00:00:00','00:00:00',0,0,'','0000-00-00'),(354,'',2,'00:00:00','00:00:00','00:00:00','00:00:00','00:00:00','00:00:00',0,0,'','0000-00-00'),(355,'',2,'00:00:00','00:00:00','00:00:00','00:00:00','00:00:00','00:00:00',0,0,'','0000-00-00'),(356,'',2,'00:00:00','00:00:00','00:00:00','00:00:00','00:00:00','00:00:00',0,0,'','0000-00-00'),(357,'',2,'00:00:00','00:00:00','00:00:00','00:00:00','00:00:00','00:00:00',0,0,'','0000-00-00'),(358,'',2,'00:00:00','00:00:00','00:00:00','00:00:00','00:00:00','00:00:00',0,0,'','0000-00-00'),(359,'',2,'00:00:00','00:00:00','00:00:00','00:00:00','00:00:00','00:00:00',0,0,'','0000-00-00'),(360,'',2,'00:00:00','00:00:00','00:00:00','00:00:00','00:00:00','00:00:00',0,0,'','0000-00-00'),(361,'',2,'00:00:00','00:00:00','00:00:00','00:00:00','00:00:00','00:00:00',0,0,'','0000-00-00'),(362,'',2,'00:00:00','00:00:00','00:00:00','00:00:00','00:00:00','00:00:00',0,0,'','0000-00-00'),(363,'',2,'00:00:00','00:00:00','00:00:00','00:00:00','00:00:00','00:00:00',0,0,'','0000-00-00'),(364,'',2,'00:00:00','00:00:00','00:00:00','00:00:00','00:00:00','00:00:00',0,0,'','0000-00-00'),(365,'',2,'00:00:00','00:00:00','00:00:00','00:00:00','00:00:00','00:00:00',0,0,'','0000-00-00'),(366,'',2,'00:00:00','00:00:00','00:00:00','00:00:00','00:00:00','00:00:00',0,0,'','0000-00-00'),(367,'',2,'00:00:00','00:00:00','00:00:00','00:00:00','00:00:00','00:00:00',0,0,'','0000-00-00'),(368,'',2,'00:00:00','00:00:00','00:00:00','00:00:00','00:00:00','00:00:00',0,0,'','0000-00-00'),(369,'',2,'00:00:00','00:00:00','00:00:00','00:00:00','00:00:00','00:00:00',0,0,'','0000-00-00'),(370,'',2,'00:00:00','00:00:00','00:00:00','00:00:00','00:00:00','00:00:00',0,0,'','0000-00-00'),(371,'',2,'00:00:00','00:00:00','00:00:00','00:00:00','00:00:00','00:00:00',0,0,'','0000-00-00'),(372,'',2,'00:00:00','00:00:00','00:00:00','00:00:00','00:00:00','00:00:00',0,0,'','0000-00-00'),(373,'',2,'00:00:00','00:00:00','00:00:00','00:00:00','00:00:00','00:00:00',0,0,'','0000-00-00'),(374,'',2,'00:00:00','00:00:00','00:00:00','00:00:00','00:00:00','00:00:00',0,0,'','0000-00-00');
/*!40000 ALTER TABLE `Races` ENABLE KEYS */;
UNLOCK TABLES;

--
-- Table structure for table `Teams`
--

DROP TABLE IF EXISTS `Teams`;
/*!40101 SET @saved_cs_client     = @@character_set_client */;
/*!40101 SET character_set_client = utf8 */;
CREATE TABLE `Teams` (
  `uid` int(11) NOT NULL AUTO_INCREMENT,
  `TeamName` varchar(50) DEFAULT NULL,
  `SchoolName` varchar(50) DEFAULT NULL,
  `SubName` varchar(50) DEFAULT NULL,
  `Status` int(11) DEFAULT NULL,
  `Lane` int(11) DEFAULT NULL,
  `Class` int(11) DEFAULT NULL,
  `Notes` text,
  PRIMARY KEY (`uid`)
) ENGINE=InnoDB AUTO_INCREMENT=3 DEFAULT CHARSET=latin1;
/*!40101 SET character_set_client = @saved_cs_client */;

--
-- Dumping data for table `Teams`
--

LOCK TABLES `Teams` WRITE;
/*!40000 ALTER TABLE `Teams` DISABLE KEYS */;
INSERT INTO `Teams` VALUES (1,'Sub Racers','Undersea School','Yellow Submarine',1,1,1,'This is freeform notes'),(2,'Bikini Bottom','Goo Lagoon','Squiditis',1,1,1,'Doing the Sponge');
/*!40000 ALTER TABLE `Teams` ENABLE KEYS */;
UNLOCK TABLES;
/*!40103 SET TIME_ZONE=@OLD_TIME_ZONE */;

/*!40101 SET SQL_MODE=@OLD_SQL_MODE */;
/*!40014 SET FOREIGN_KEY_CHECKS=@OLD_FOREIGN_KEY_CHECKS */;
/*!40014 SET UNIQUE_CHECKS=@OLD_UNIQUE_CHECKS */;
/*!40101 SET CHARACTER_SET_CLIENT=@OLD_CHARACTER_SET_CLIENT */;
/*!40101 SET CHARACTER_SET_RESULTS=@OLD_CHARACTER_SET_RESULTS */;
/*!40101 SET COLLATION_CONNECTION=@OLD_COLLATION_CONNECTION */;
/*!40111 SET SQL_NOTES=@OLD_SQL_NOTES */;

-- Dump completed on 2017-05-31 23:59:31
